{
    "epoch": 2.9897750511247443,
    "eval_accuracy": 0.6840490797546013,
    "eval_f1_macro": 0.6869375588150464,
    "eval_hierarchy_score": 0.13160969909436168,
    "eval_loss": 0.9174867272377014,
    "eval_runtime": 37.3062,
    "eval_samples_per_second": 26.215,
    "eval_steps_per_second": 3.297
}