model_name,f1-macro
gpt-5,0.4575320550143911
deepseek-chat,0.5419743239443822
grok-3,0.513904318729137
