{
    "epoch": 2.9897750511247443,
    "eval_accuracy": 0.7096114519427403,
    "eval_f1_macro": 0.7096612054118866,
    "eval_hierarchy_score": 0.11758691206543967,
    "eval_loss": 0.8733199834823608,
    "eval_runtime": 34.9268,
    "eval_samples_per_second": 28.001,
    "eval_steps_per_second": 3.522
}